{
  "name": "MotionController",
  "type": "ARM",
  "dependenceList": [],
  "srcDirs": [
    "HARDWARE",
    "Device",
    "AutoControl"
  ],
  "virtualFolder": {
    "name": "<virtual_root>",
    "files": [],
    "folders": [
      {
        "name": "Application",
        "files": [],
        "folders": [
          {
            "name": "MDK-ARM",
            "files": [
              {
                "path": "MDK-ARM/startup_stm32h743xx.s"
              }
            ],
            "folders": []
          },
          {
            "name": "User",
            "files": [],
            "folders": [
              {
                "name": "Core",
                "files": [
                  {
                    "path": "Core/Src/main.c"
                  },
                  {
                    "path": "Core/Src/gpio.c"
                  },
                  {
                    "path": "Core/Src/dma.c"
                  },
                  {
                    "path": "Core/Src/fdcan.c"
                  },
                  {
                    "path": "Core/Src/tim.c"
                  },
                  {
                    "path": "Core/Src/usart.c"
                  },
                  {
                    "path": "Core/Src/stm32h7xx_it.c"
                  },
                  {
                    "path": "Core/Src/stm32h7xx_hal_msp.c"
                  }
                ],
                "folders": []
              }
            ]
          }
        ]
      },
      {
        "name": "Drivers",
        "files": [],
        "folders": [
          {
            "name": "STM32H7xx_HAL_Driver",
            "files": [
              {
                "path": "Drivers/STM32H7xx_HAL_Driver/Src/stm32h7xx_hal_cortex.c"
              },
              {
                "path": "Drivers/STM32H7xx_HAL_Driver/Src/stm32h7xx_hal_fdcan.c"
              },
              {
                "path": "Drivers/STM32H7xx_HAL_Driver/Src/stm32h7xx_hal_rcc.c"
              },
              {
                "path": "Drivers/STM32H7xx_HAL_Driver/Src/stm32h7xx_hal_rcc_ex.c"
              },
              {
                "path": "Drivers/STM32H7xx_HAL_Driver/Src/stm32h7xx_hal_flash.c"
              },
              {
                "path": "Drivers/STM32H7xx_HAL_Driver/Src/stm32h7xx_hal_flash_ex.c"
              },
              {
                "path": "Drivers/STM32H7xx_HAL_Driver/Src/stm32h7xx_hal_gpio.c"
              },
              {
                "path": "Drivers/STM32H7xx_HAL_Driver/Src/stm32h7xx_hal_hsem.c"
              },
              {
                "path": "Drivers/STM32H7xx_HAL_Driver/Src/stm32h7xx_hal_dma.c"
              },
              {
                "path": "Drivers/STM32H7xx_HAL_Driver/Src/stm32h7xx_hal_dma_ex.c"
              },
              {
                "path": "Drivers/STM32H7xx_HAL_Driver/Src/stm32h7xx_hal_mdma.c"
              },
              {
                "path": "Drivers/STM32H7xx_HAL_Driver/Src/stm32h7xx_hal_pwr.c"
              },
              {
                "path": "Drivers/STM32H7xx_HAL_Driver/Src/stm32h7xx_hal_pwr_ex.c"
              },
              {
                "path": "Drivers/STM32H7xx_HAL_Driver/Src/stm32h7xx_hal.c"
              },
              {
                "path": "Drivers/STM32H7xx_HAL_Driver/Src/stm32h7xx_hal_i2c.c"
              },
              {
                "path": "Drivers/STM32H7xx_HAL_Driver/Src/stm32h7xx_hal_i2c_ex.c"
              },
              {
                "path": "Drivers/STM32H7xx_HAL_Driver/Src/stm32h7xx_hal_exti.c"
              },
              {
                "path": "Drivers/STM32H7xx_HAL_Driver/Src/stm32h7xx_hal_tim.c"
              },
              {
                "path": "Drivers/STM32H7xx_HAL_Driver/Src/stm32h7xx_hal_tim_ex.c"
              },
              {
                "path": "Drivers/STM32H7xx_HAL_Driver/Src/stm32h7xx_hal_uart.c"
              },
              {
                "path": "Drivers/STM32H7xx_HAL_Driver/Src/stm32h7xx_hal_uart_ex.c"
              }
            ],
            "folders": []
          },
          {
            "name": "CMSIS",
            "files": [
              {
                "path": "Core/Src/system_stm32h7xx.c"
              }
            ],
            "folders": []
          }
        ]
      },
      {
        "name": "::CMSIS",
        "files": [],
        "folders": []
      }
    ]
  },
  "outDir": "build",
  "deviceName": null,
  "packDir": null,
  "miscInfo": {
    "uid": "30a0c2d8d45f167ea345c7ffaf653ac2"
  },
  "targets": {
    "MotionController": {
      "excludeList": [],
      "toolchain": "AC6",
      "compileConfig": {
        "cpuType": "Cortex-M7",
        "floatingPointHardware": "double",
        "useCustomScatterFile": false,
        "scatterFilePath": "",
        "storageLayout": {
          "RAM": [
            {
              "tag": "RAM",
              "id": 1,
              "mem": {
                "startAddr": "0x0",
                "size": "0x0"
              },
              "isChecked": false,
              "noInit": false
            },
            {
              "tag": "RAM",
              "id": 2,
              "mem": {
                "startAddr": "0x0",
                "size": "0x0"
              },
              "isChecked": false,
              "noInit": false
            },
            {
              "tag": "RAM",
              "id": 3,
              "mem": {
                "startAddr": "0x0",
                "size": "0x0"
              },
              "isChecked": false,
              "noInit": false
            },
            {
              "tag": "IRAM",
              "id": 1,
              "mem": {
                "startAddr": "0x20000000",
                "size": "0x20000"
              },
              "isChecked": true,
              "noInit": false
            },
            {
              "tag": "IRAM",
              "id": 2,
              "mem": {
                "startAddr": "0x24000000",
                "size": "0x80000"
              },
              "isChecked": true,
              "noInit": false
            }
          ],
          "ROM": [
            {
              "tag": "ROM",
              "id": 1,
              "mem": {
                "startAddr": "0x0",
                "size": "0x0"
              },
              "isChecked": false,
              "isStartup": false
            },
            {
              "tag": "ROM",
              "id": 2,
              "mem": {
                "startAddr": "0x0",
                "size": "0x0"
              },
              "isChecked": false,
              "isStartup": false
            },
            {
              "tag": "ROM",
              "id": 3,
              "mem": {
                "startAddr": "0x0",
                "size": "0x0"
              },
              "isChecked": false,
              "isStartup": false
            },
            {
              "tag": "IROM",
              "id": 1,
              "mem": {
                "startAddr": "0x8000000",
                "size": "0x200000"
              },
              "isChecked": true,
              "isStartup": true
            },
            {
              "tag": "IROM",
              "id": 2,
              "mem": {
                "startAddr": "0x0",
                "size": "0x0"
              },
              "isChecked": false,
              "isStartup": false
            }
          ]
        },
        "options": "null"
      },
      "uploader": "OpenOCD",
      "uploadConfig": {
        "bin": "",
        "target": "stm32h7x",
        "interface": "cmsis-dap",
        "baseAddr": "0x08000000"
      },
      "uploadConfigMap": {
        "JLink": {
          "bin": "",
          "baseAddr": "",
          "cpuInfo": {
            "vendor": "null",
            "cpuName": "null"
          },
          "proType": 1,
          "speed": 8000,
          "otherCmds": ""
        }
      },
      "custom_dep": {
        "name": "default",
        "incList": [
          "Core/Inc",
          "Drivers/STM32H7xx_HAL_Driver/Inc",
          "Drivers/STM32H7xx_HAL_Driver/Inc/Legacy",
          "Drivers/CMSIS/Device/ST/STM32H7xx/Include",
          "Drivers/CMSIS/Include",
          "HARDWARE",
          "MDK-ARM/RTE/_MotionController",
          "Device/Inc",
          "AutoControl"
        ],
        "libList": [],
        "defineList": [
          "USE_HAL_DRIVER",
          "STM32H743xx"
        ]
      },
      "builderOptions": {
        "AC6": {
          "version": 3,
          "beforeBuildTasks": [],
          "afterBuildTasks": [],
          "global": {
            "use-microLIB": true,
            "output-debug-info": "enable"
          },
          "c/cpp-compiler": {
            "optimization": "level-3",
            "language-c": "c99",
            "language-cpp": "c++03",
            "link-time-optimization": false,
            "one-elf-section-per-function": true,
            "short-enums#wchar": true,
            "warnings": "ac5-like-warnings"
          },
          "asm-compiler": {
            "$use": "asm-auto"
          },
          "linker": {
            "output-format": "elf",
            "misc-controls": "--diag_suppress=L6329",
            "xo-base": "",
            "ro-base": "",
            "rw-base": ""
          }
        }
      }
    }
  },
  "version": "3.5"
}